Workbook
Name applist: INDEX(('[1]INDEX MATCH'!$A$37:$A$51,'[1]INDEX MATCH'!$B$37:$B$51,'[1]INDEX MATCH'!$C$37:$C$51),,,'[1]INDEX MATCH'!$I$36)
Name Flag: INDIRECT([2]Report!$C$2)
Name mylist: INDEX(([3]!TableProd[Productivity],[3]!TableGame[Games],[3]!TableUtility[Utility]),,,MATCH([3]Table!$F$4,[3]Table!$A$4:$C$4,0))

Sheet XelPlus Insider
C4: Who We Are
C5: At XelPlus, we understand the challenges of mastering data tools like Excel and Power BI. You see, most people don’t realize how much easier their work could be - until they learn the right skills. Are you ready to see what you’ve been missing? Check out our courses here

Sheet Basics
A1: Lookup to the LEFT
A3: Employee | B3: ID
A4: Gary Miller | B4: =_xlfn.XLOOKUP(A4,Master!$C$3:$C$33,Master!$A$3:$A$33) -> ID4
A5: James Willard | B5: =_xlfn.XLOOKUP(A5,Master!$C$3:$C$33,Master!$A$3:$A$33) -> ID18
A6: Richard Elliot | B6: =_xlfn.XLOOKUP(A6,Master!$C$3:$C$33,Master!$A$3:$A$33) -> ID12
A7: Robert Spear | B7: =_xlfn.XLOOKUP(A7,Master!$C$3:$C$33,Master!$A$3:$A$33) -> ID8
A8: Roger Mun | B8: =_xlfn.XLOOKUP(A8,Master!$C$3:$C$33,Master!$A$3:$A$33) -> ID20
A9: Paul Garza | B9: =_xlfn.XLOOKUP(A9,Master!$C$3:$C$33,Master!$A$3:$A$33) -> ID24
A10: Robert Marquez | B10: =_xlfn.XLOOKUP(A10,Master!$C$3:$C$33,Master!$A$3:$A$33) -> ID23
A11: Natalie Porter | B11: =_xlfn.XLOOKUP(A11,Master!$C$3:$C$33,Master!$A$3:$A$33) -> ID3
A12: Kim West | B12: =_xlfn.XLOOKUP(A12,Master!$C$3:$C$33,Master!$A$3:$A$33) -> ID13
A13: Stevie Bridge | B13: =_xlfn.XLOOKUP(A13,Master!$C$3:$C$33,Master!$A$3:$A$33) -> ID7

Sheet Master
A2: Employee ID | B2: Department | C2: Employee
A3: ID18 | B3: Sales | C3: James Willard
A4: ID8 | B4: Sales | C4: Robert Spear
A5: ID24 | B5: Sales | C5: Paul Garza
A6: ID23 | B6: Sales | C6: Robert Marquez
A7: ID13 | B7: Sales | C7: Kim West
A8: ID7 | B8: Sales | C8: Stevie Bridge
A9: ID19 | B9: Sales | C9: Paul Wells
A10: ID22 | B10: Sales | C10: Ewan Thompson
A11: ID5 | B11: Sales | C11: Walter Miller
A12: ID9 | B12: Sales | C12: Peter Ramsy
A13: ID17 | B13: Sales | C13: Wolfgang Ramjac
... A33: ID31 | B33: Finance | C33: Lukas Hofer

Sheet Salary
A1: XLOOKUP 5 Examples
A2: Employee | B2: Yearly Salary | C2: Max bonus | D2: Max Payment | E2: New Bonus
A3: Gary Miller | B3: 60270 | C3: =_xlfn.XLOOKUP(A3,B_Master!$C$4:$C$28,B_Master!$B$4:$B$28,0)*B3 -> 14464.8 | D3: =B3+C3 -> 74734.8 | E3: =_xlfn.XLOOKUP(B3,B_Master!$E$13:$E$17,B_Master!$F$13:$F$17,,-1)*B3 -> 6027 | G3: Paul Garza
A4: James Willard | B4: 39627 | C4: =_xlfn.XLOOKUP(A4,B_Master!$C$4:$C$28,B_Master!$B$4:$B$28,0)*B4 -> 0 | D4: =B4+C4 -> 39627 | E4: =_xlfn.XLOOKUP(B4,B_Master!$E$13:$E$17,B_Master!$F$13:$F$17,,-1)*B4 -> 1981.35 | G4: Max Payment
A5: Richard Elliot | B5: 29726 | C5: =_xlfn.XLOOKUP(A5,B_Master!$C$4:$C$28,B_Master!$B$4:$B$28,0)*B5 -> 4161.64 | D5: =B5+C5 -> 33887.64 | E5: =_xlfn.XLOOKUP(B5,B_Master!$E$13:$E$17,B_Master!$F$13:$F$17,,-1)*B5 -> 0 | G5: {=_xlfn.XLOOKUP(G3,A3:A20,_xlfn.XLOOKUP(G4,B2:D2,B3:D20))} -> 38288.8
A6: Robert Spear | B6: 93668 | C6: =_xlfn.XLOOKUP(A6,B_Master!$C$4:$C$28,B_Master!$B$4:$B$28,0)*B6 -> 21543.64 | D6: =B6+C6 -> 115211.64 | E6: =_xlfn.XLOOKUP(B6,B_Master!$E$13:$E$17,B_Master!$F$13:$F$17,,-1)*B6 -> 9366.8
A7: Roger Mun | B7: 134000 | C7: =_xlfn.XLOOKUP(A7,B_Master!$C$4:$C$28,B_Master!$B$4:$B$28,0)*B7 -> 33500 | D7: =B7+C7 -> 167500 | E7: =_xlfn.XLOOKUP(B7,B_Master!$E$13:$E$17,B_Master!$F$13:$F$17,,-1)*B7 -> 20100
A8: Paul Garza | B8: 34808 | C8: =_xlfn.XLOOKUP(A8,B_Master!$C$4:$C$28,B_Master!$B$4:$B$28,0)*B8 -> 3480.8 | D8: =B8+C8 -> 38288.8 | E8: =_xlfn.XLOOKUP(B8,B_Master!$E$13:$E$17,B_Master!$F$13:$F$17,,-1)*B8 -> 1740.4
A9: Robert Marquez | B9: 135000 | C9: =_xlfn.XLOOKUP(A9,B_Master!$C$4:$C$28,B_Master!$B$4:$B$28,0)*B9 -> 0 | D9: =B9+C9 -> 135000 | E9: =_xlfn.XLOOKUP(B9,B_Master!$E$13:$E$17,B_Master!$F$13:$F$17,,-1)*B9 -> 20250
A10: Natalie Porter | B10: 45000 | C10: =_xlfn.XLOOKUP(A10,B_Master!$C$4:$C$28,B_Master!$B$4:$B$28,0)*B10 -> 4500 | D10: =B10+C10 -> 49500 | E10: =_xlfn.XLOOKUP(B10,B_Master!$E$13:$E$17,B_Master!$F$13:$F$17,,-1)*B10 -> 2250
A11: Kim West | B11: 89500 | C11: =_xlfn.XLOOKUP(A11,B_Master!$C$4:$C$28,B_Master!$B$4:$B$28,0)*B11 -> 7160 | D11: =B11+C11 -> 96660 | E11: =_xlfn.XLOOKUP(B11,B_Master!$E$13:$E$17,B_Master!$F$13:$F$17,,-1)*B11 -> 8950
A12: Stevie Bridge | B12: 21971 | C12: =_xlfn.XLOOKUP(A12,B_Master!$C$4:$C$28,B_Master!$B$4:$B$28,0)*B12 -> 5932.17 | D12: =B12+C12 -> 27903.17 | E12: =_xlfn.XLOOKUP(B12,B_Master!$E$13:$E$17,B_Master!$F$13:$F$17,,-1)*B12 -> 0
A13: Andre Cooper | B13: 80000 | C13: =_xlfn.XLOOKUP(A13,B_Master!$C$4:$C$28,B_Master!$B$4:$B$28,0)*B13 -> 14400 | D13: =B13+C13 -> 94400 | E13: =_xlfn.XLOOKUP(B13,B_Master!$E$13:$E$17,B_Master!$F$13:$F$17,,-1)*B13 -> 8000
A14: Paul Wells | B14: 45117 | C14: =_xlfn.XLOOKUP(A14,B_Master!$C$4:$C$28,B_Master!$B$4:$B$28,0)*B14 -> 6316.38 | D14: =B14+C14 -> 51433.38 | E14: =_xlfn.XLOOKUP(B14,B_Master!$E$13:$E$17,B_Master!$F$13:$F$17,,-1)*B14 -> 2255.85
A15: Robert Musser | B15: 50545 | C15: =_xlfn.XLOOKUP(A15,B_Master!$C$4:$C$28,B_Master!$B$4:$B$28,0)*B15 -> 0 | D15: =B15+C15 -> 50545 | E15: =_xlfn.XLOOKUP(B15,B_Master!$E$13:$E$17,B_Master!$F$13:$F$17,,-1)*B15 -> 4043.6
A16: Daniel Garrett | B16: 140000 | C16: =_xlfn.XLOOKUP(A16,B_Master!$C$4:$C$28,B_Master!$B$4:$B$28,0)*B16 -> 0 | D16: =B16+C16 -> 140000 | E16: =_xlfn.XLOOKUP(B16,B_Master!$E$13:$E$17,B_Master!$F$13:$F$17,,-1)*B16 -> 21000
A17: Ann Withers | B17: 110000 | C17: =_xlfn.XLOOKUP(A17,B_Master!$C$4:$C$28,B_Master!$B$4:$B$28,0)*B17 -> 9900 | D17: =B17+C17 -> 119900 | E17: =_xlfn.XLOOKUP(B17,B_Master!$E$13:$E$17,B_Master!$F$13:$F$17,,-1)*B17 -> 16500
... A20: Ewan Thompson | B20: 97000 | C20: =_xlfn.XLOOKUP(A20,B_Master!$C$4:$C$28,B_Master!$B$4:$B$28,0)*B20 -> 8730 | D20: =B20+C20 -> 105730 | E20: =_xlfn.XLOOKUP(B20,B_Master!$E$13:$E$17,B_Master!$F$13:$F$17,,-1)*B20 -> 9700

Sheet B_Master
A1: Master Vertical | E1: Master Horizontal
A3: EmployeID | B3: Bonus % | C3: Employee Name | E3: EmployeID | F3: ID7 | G3: ID20 | H3: ID25 | I3: ID26 | J3: ID21 | K3: ID4 | L3: ID10 | M3: ID8 | N3: ID9 | O3: ID1 | P3: ID11 | Q3: ID16 | R3: ID29 | S3: ID27 | T3: ID15 | U3: ID12 | V3: ID19 | W3: ID24 | X3: ID3 | Y3: ID14 | Z3: ID22 | AA3: ID13 | AB3: ID5 | AC3: ID17 | AD3: ID31
A4: ID7 | B4: 0.27 | C4: Stevie Bridge | E4: Bonus % | F4: 0.27 | G4: 0.25 | H4: 0.25 | I4: 0.25 | J4: 0.25 | K4: 0.24 | L4: 0.24 | M4: 0.23 | N4: 0.23 | O4: 0.21 | P4: 0.2 | Q4: 0.19 | R4: 0.18 | S4: 0.18 | T4: 0.17 | U4: 0.14 | V4: 0.14 | W4: 0.1 | X4: 0.1 | Y4: 0.09 | Z4: 0.09 | AA4: 0.08 | AB4: 0.06 | AC4: 0.06 | AD4: 0.06
A5: ID20 | B5: 0.25 | C5: Roger Mun | E5: Employee Name | F5: Stevie Bridge | G5: Roger Mun | H5: Paul Hill | I5: Robert Richardson | J5: Maria Tot | K5: Gary Miller | L5: Brigitte Bond | M5: Robert Spear | N5: Peter Ramsy | O5: Crystal Doyle | P5: Dan Ziegler | Q5: Corinna Schmidt | R5: Andre Cooper | S5: Mike Saban | T5: Betina Bauer | U5: Richard Elliot | V5: Paul Wells | W5: Paul Garza | X5: Natalie Porter | Y5: Ann Withers | Z5: Ewan Thompson | AA5: Kim West | AB5: Walter Miller | AC5: Wolfgang Ramjac | AD5: Lukas Hofer
A6: ID25 | B6: 0.25 | C6: Paul Hill
A7: ID26 | B7: 0.25 | C7: Robert Richardson
A8: ID21 | B8: 0.25 | C8: Maria Tot
A9: ID4 | B9: 0.24 | C9: Gary Miller
A10: ID10 | B10: 0.24 | C10: Brigitte Bond | E10: New Bonus Scheme
A11: ID8 | B11: 0.23 | C11: Robert Spear
A12: ID9 | B12: 0.23 | C12: Peter Ramsy | E12: Salary | F12: Bonus
A13: ID1 | B13: 0.21 | C13: Crystal Doyle | E13: 10000 | F13: 0
A14: ID11 | B14: 0.2 | C14: Dan Ziegler | E14: 30000 | F14: 0.05
A15: ID16 | B15: 0.19 | C15: Corinna Schmidt | E15: 50000 | F15: 0.08
A16: ID29 | B16: 0.18 | C16: Andre Cooper | E16: 60000 | F16: 0.1
A17: ID27 | B17: 0.18 | C17: Mike Saban | E17: 100000 | F17: 0.15
A18: ID15 | B18: 0.17 | C18: Betina Bauer
A19: ID12 | B19: 0.14 | C19: Richard Elliot
A20: ID19 | B20: 0.14 | C20: Paul Wells
A21: ID24 | B21: 0.1 | C21: Paul Garza
A22: ID3 | B22: 0.1 | C22: Natalie Porter
A23: ID14 | B23: 0.09 | C23: Ann Withers
A24: ID22 | B24: 0.09 | C24: Ewan Thompson
A25: ID13 | B25: 0.08 | C25: Kim West
A26: ID5 | B26: 0.06 | C26: Walter Miller
A27: ID17 | B27: 0.06 | C27: Wolfgang Ramjac
A28: ID31 | B28: 0.06 | C28: Lukas Hofer
